{"('0', '2', '0000')": [1.9898455343582808, -2.220446049250313e-16, 1.9999999999999958, -2.220446049250313e-16], "('0', '2', '0001')": [1.9997759088617404, -2.512180027567584e-16, 0, -0.7], "('0', '2', '0010')": [1.9999991562646786, -1.605961558144503e-06, -0.7, 0], "('0', '2', '0011')": [1.9999999999999991, 0, 0, 0], "('0', '2', '0100')": [1.9999991633014687, -0.999999468559, 1.9999898484281147, -2.220446049250313e-16], "('0', '2', '0101')": [1.9999721628079383, 0, 0, 0], "('0', '2', '0110')": [1.999999999998272, 0, 0, 0], "('0', '2', '0111')": [0, 0, 0, 0], "('0', '2', '1000')": [-0.7, -2.6012497368485805e-16, 1.9069884805233088, 0], "('0', '2', '1001')": [-0.7, -2.220446049250313e-16, 1.7919245329687503, 0], "('0', '2', '1010')": [-0.9099999999999999, -0.3613192307692322, -0.9099999999999999, -1.155], "('0', '2', '1011')": [-0.7, 0, 0, 0], "('0', '2', '1100')": [-0.7, -0.7, 1.9999913273759877, 0], "('0', '2', '1101')": [-0.7, -0.7, 1.9999999999999996, 0], "('0', '2', '1110')": [-0.7, -0.7, 0, 0], "('0', '2', '1111')": [0, 0, 0, 0], "('0', '3', '0000')": [1.9999999999999827, -2.220446049250313e-16, -2.220446049250313e-16, 1.999999999983332], "('0', '3', '0001')": [1.9999999999999996, -2.220446049250313e-16, -3.063406609076863e-08, 0], "('0', '3', '0010')": [1.999999955639943, 0, -0.9919, 0], "('0', '3', '0011')": [1.9999999999999996, 0, 0, 0], "('0', '3', '0100')": [1.9999999999999996, -0.999980317, -2.220446049250313e-16, 1.9999999999999996], "('0', '3', '0101')": [1.9999999999896425, 0, 0, 0], "('0', '3', '0110')": [1.9999999999999996, -0.7, 0, 0], "('0', '3', '0111')": [1.993145920712716, 0, 0, 0], "('0', '3', '1000')": [-0.7, 0, -2.0206059048177847e-16, 1.9999999656694456], "('0', '3', '1001')": [-0.9975700000000001, -0.999980317, -1.1550000000000002, -0.9975700000000001], "('0', '3', '1010')": [-0.7, -0.9099999999999999, -0.7, 1.9999998338790728], "('0', '3', '1011')": [-0.973, -0.9099999999999999, -0.9099999999999999, -0.9099999999999999], "('0', '3', '1100')": [-0.7, -0.7, -0.999271, 1.9999999999999996], "('0', '3', '1101')": [-0.7, -0.7, -0.02926035103317722, -0.7], "('0', '3', '1110')": [-0.7, -0.7, -0.7, 1.9999999172269538], "('0', '3', '1111')": [0, 0, 0, 0], "('0', 'NA', '0000')": [1.9999999999920193, -2.220446049250313e-16, -2.220446049250313e-16, -2.220446049250313e-16], "('0', 'NA', '0001')": [1.999999999999986, 0, 0, 0], "('0', 'NA', '0010')": [1.9999999999999902, 0, 0, 0], "('0', 'NA', '0011')": [1.9999999999999996, 0, 0, 0], "('0', 'NA', '0100')": [1.9999999999988147, -0.7, -2.2204329377384367e-16, 0], "('0', 'NA', '0101')": [1.999999999999972, 0, 0, 0], "('0', 'NA', '0110')": [1.9999999999999802, 0, 0, 0], "('0', 'NA', '0111')": [0, 0, 0, 0], "('0', 'NA', '1000')": [-0.7, -0.999980317, -0.3405500001252939, -3.558739913600561e-08], "('0', 'NA', '1001')": [-0.7, -0.9919000010184587, 0, 0], "('0', 'NA', '1010')": [-0.9099999999999999, -0.999271, -0.7, -1.1658944230769372], "('0', 'NA', '1011')": [0, 0, 0, 0], "('0', 'NA', '1100')": [-0.7, 0, 0, 0], "('0', 'NA', '1101')": [-0.7, -0.7, -0.3529124983551071, 0], "('0', 'NA', '1110')": [-0.7, 0, 0, 0], "('0', 'NA', '1111')": [0, 0, 0, 0], "('1', '2', '0000')": [-2.220446049250313e-16, 1.9999952158544128, 1.9999999999994258, -2.220446049250313e-16], "('1', '2', '0001')": [-2.220446049250313e-16, 1.9997239089535819, 1.9999999999890385, -0.7], "('1', '2', '0010')": [-0.30373000000000006, 1.9999999999999474, -0.973, -2.220446049243345e-16], "('1', '2', '0011')": [-0.973, 1.9999999943414655, 0, 0], "('1', '2', '0100')": [-0.9099999999999999, -0.7, 1.999999960353787, 0], "('1', '2', '0101')": [-0.9099999999999999, -0.7, 1.9999999999999996, 0], "('1', '2', '0110')": [-0.9099999999999999, -0.9099999999999999, -0.7, -1.155], "('1', '2', '0111')": [0, 0, 0, 0], "('1', '2', '1000')": [-0.9997813, 1.999972487805162, 1.9999999999998697, -2.220446049250313e-16], "('1', '2', '1001')": [-0.7, 1.9999999999998632, 0, 0], "('1', '2', '1010')": [-0.7, 1.9999999907833683, 0, 0], "('1', '2', '1011')": [-0.7, 1.9999999999999996, 0, 0], "('1', '2', '1100')": [-0.7, -0.7, 1.9999999999999996, 0], "('1', '2', '1101')": [-0.7, 0, 0, 0], "('1', '2', '1110')": [0, 0, 0, 0], "('1', '2', '1111')": [0, 0, 0, 0], "('1', '3', '0000')": [-2.220446049250313e-16, 1.9999999999997093, -2.220446049250313e-16, 1.9999999999707492], "('1', '3', '0001')": [-0.973, 1.9999992470171173, -2.2204460492503116e-16, 0], "('1', '3', '0010')": [-0.5016767, 1.9999999999999392, -0.7, 0], "('1', '3', '0011')": [-0.973, 1.9903265793418106, 0, 0], "('1', '3', '0100')": [-0.9099999999999999, -0.9099999999999999, -0.9099999999999999, 1.999999964829819], "('1', '3', '0101')": [-2.1604940059205546e-16, -0.7, -0.9099999999999999, -0.7], "('1', '3', '0110')": [-0.9099999999999999, -0.7, -0.7, 1.9999999999999996], "('1', '3', '0111')": [-0.9099999999999999, 0, 0, 0], "('1', '3', '1000')": [-0.99999995217031, 1.999946770824886, -2.220446049250313e-16, 1.9999999999999543], "('1', '3', '1001')": [-0.7, 1.9992233199845746, 0, 0], "('1', '3', '1010')": [-0.7, 1.9999999999963443, 0, 0], "('1', '3', '1011')": [-0.7, 1.9999999826256802, 0, 0], "('1', '3', '1100')": [-0.7, -0.7, -7.867409260410297e-10, 1.9999997058555563], "('1', '3', '1101')": [-0.7, 0, 0, 0], "('1', '3', '1110')": [-0.7, -0.7, -0.7, 1.9999999999999996], "('1', '3', '1111')": [0, 0, 0, 0], "('1', 'NA', '0000')": [-2.220541388421493e-16, 1.99999999987857, -2.220446049250313e-16, -2.220446049250313e-16], "('1', 'NA', '0001')": [-0.973, 1.9999999976739447, 0, 0], "('1', 'NA', '0010')": [-0.9975700000000001, 1.999999999704729, 0, 0], "('1', 'NA', '0011')": [-0.973, 1.9999999999999996, 0, 0], "('1', 'NA', '0100')": [-0.999980317, -0.7, -1.413985953668817e-09, -1.2525331988473153e-05], "('1', 'NA', '0101')": [-1.000000006956067, -0.7, 0, 0], "('1', 'NA', '0110')": [-0.9099999999999999, -0.7, 0, 0], "('1', 'NA', '0111')": [0, 0, 0, 0], "('1', 'NA', '1000')": [-0.7, 1.9999999999999991, 0, 0], "('1', 'NA', '1001')": [-0.7, 1.9999999999999973, 0, 0], "('1', 'NA', '1010')": [-0.7, 1.9999999999999996, 0, 0], "('1', 'NA', '1011')": [0, 0, 0, 0], "('1', 'NA', '1100')": [-0.7, 0, 0, 0], "('1', 'NA', '1101')": [0, 0, 0, 0], "('1', 'NA', '1110')": [-0.7, 0, 0, 0], "('1', 'NA', '1111')": [0, 0, 0, 0], "('NA', '2', '0000')": [-2.220446049250313e-16, -2.220446049250313e-16, 1.998316558508158, -2.220446049250313e-16], "('NA', '2', '0001')": [-2.220446049250313e-16, -2.220446049858588e-16, 1.9999997635001237, -0.999980317], "('NA', '2', '0010')": [-0.5, -0.03962365313891859, -0.7, -0.99999995217031], "('NA', '2', '0011')": [-2.220446049250313e-16, -1.0, -0.7, -0.7], "('NA', '2', '0100')": [-0.24904093549142498, -0.7, 1.9999956062143172, -0.999999985651093], "('NA', '2', '0101')": [-0.0004133430000001796, -0.7, 1.8446955133253442, 0], "('NA', '2', '0110')": [0, 0, 0, 0], "('NA', '2', '0111')": [-0.973, -0.9099999999999999, -0.7, -0.7], "('NA', '2', '1000')": [-0.7, -0.10738382282501942, 1.999999994197909, -0.9999999956953279], "('NA', '2', '1001')": [-0.7, -2.220446049250313e-16, 1.9999999999999996, 0], "('NA', '2', '1010')": [-0.7, -0.9099999999999999, -0.7, 0], "('NA', '2', '1011')": [-0.7, -1.2915, 0, 0], "('NA', '2', '1100')": [-0.7, -0.7, 1.9999999999999996, 0], "('NA', '2', '1101')": [-0.7, 0, 0, 0], "('NA', '2', '1110')": [0, 0, 0, 0], "('NA', '2', '1111')": [0, 0, 0, 0], "('NA', '3', '0000')": [-2.220446049250313e-16, -2.220446049250313e-16, -2.220446049250313e-16, 1.9999999645000561], "('NA', '3', '0001')": [-0.2503114206345655, -1.8150514724638766e-08, -0.9099999999999999, -0.9099999999999999], "('NA', '3', '0010')": [-2.220446049250313e-16, -2.220446049250313e-16, -0.9999940950999999, 1.9999999866882443], "('NA', '3', '0011')": [-0.973, -1.2915, -0.973, -0.973], "('NA', '3', '0100')": [-5.170920932220455e-07, -0.9099999999999999, -1.0, 1.999999656654213], "('NA', '3', '0101')": [0, 0, 0, 0], "('NA', '3', '0110')": [-2.1604940059205546e-16, -0.7, -0.7, 1.9999999999539484],