{"('0', '2', '0000')": [1.9999999999999996, -2.220446049250313e-16, 1.9999999999999871, -2.220446049250313e-16], "('0', '2', '0001')": [1.9999999999999996, -2.2204460492503126e-16, 0, -0.7], "('0', '2', '0010')": [1.999999999690785, -4.441027183672219e-16, -0.7, -1.6687207562875238e-15], "('0', '2', '0011')": [1.9999999999999996, 0, 0, 0], "('0', '2', '0100')": [1.9999999999999996, -0.9999940950999999, 1.9999997864008479, -2.220446049250313e-16], "('0', '2', '0101')": [1.999999999993146, 0, 0, 0], "('0', '2', '0110')": [1.9999999887363904, 0, 0, 0], "('0', '2', '0111')": [0.9975700000000001, 0, 0, 0], "('0', '2', '1000')": [-0.9099999999999999, -0.0007290010819971856, 1.9999999995059599, -2.2204739073239785e-16], "('0', '2', '1001')": [-0.7, -0.115384617241582, 1.9999999999999996, 0], "('0', '2', '1010')": [-0.973, -0.9975700000000001, -0.973, -1.3447350000000498], "('0', '2', '1011')": [-0.7, 0, 0, 0], "('0', '2', '1100')": [-0.7, -0.7, 1.9999999999999996, 0], "('0', '2', '1101')": [-0.7, -0.7, 1.9999999999999996, 0], "('0', '2', '1110')": [0, 0, 0, 0], "('0', '2', '1111')": [0, 0, 0, 0], "('0', '3', '0000')": [1.9999999999999996, -2.220446049250313e-16, -2.220446049250313e-16, 1.9999999999999996], "('0', '3', '0001')": [1.9999999999999996, -2.2204461981470225e-16, -4.897214871604459e-12, 0], "('0', '3', '0010')": [1.9999999172135086, -2.220446049250313e-16, -0.9099999999999999, 1.9999999999999996], "('0', '3', '0011')": [1.9999999999999996, 0, 0, 0], "('0', '3', '0100')": [1.9998864120628892, -0.9999999996125795, -2.220446049250319e-16, 1.9999999999999996], "('0', '3', '0101')": [1.9999999999999996, 0, 0, 0], "('0', '3', '0110')": [1.9999999999999996, -0.9099999999999999, -0.7, 0], "('0', '3', '0111')": [0, 0, 0, 0], "('0', '3', '1000')": [-0.7, -0.9999999996125795, -2.2024604362513856e-16, 1.9999999999999996], "('0', '3', '1001')": [-0.7, -0.7692307692307788, 0, 0], "('0', '3', '1010')": [-0.7, -0.9975700000000001, -0.7, 1.9999999713172], "('0', '3', '1011')": [-0.7, -0.05629166173313961, 0, 0], "('0', '3', '1100')": [-0.7, -0.7, -2.220448586327861e-16, 1.9999951264668447], "('0', '3', '1101')": [-0.7, -0.7, 0, 0], "('0', '3', '1110')": [-0.7, -0.7, 0, 0], "('0', '3', '1111')": [-0.7, 0, 0, 0], "('0', 'NA', '0000')": [1.9999999999999996, -0.0003551310203111619, -1.8035193736596944e-12, -1.0802736481590153e-14], "('0', 'NA', '0001')": [1.9999999999999996, 0, 0, 0], "('0', 'NA', '0010')": [1.9999999999999996, 0, 0, -2.2204460492482226e-16], "('0', 'NA', '0011')": [1.9999999999999996, 0, 0, 0], "('0', 'NA', '0100')": [1.9999999999999996, 0, -2.2204460492505064e-16, 0], "('0', 'NA', '0101')": [1.9999999999999996, 0, 0, 0], "('0', 'NA', '0110')": [1.9999999999999996, 0, 0, 0], "('0', 'NA', '0111')": [0, 0, 0, 0], "('0', 'NA', '1000')": [-0.7, -1.0, -2.220446049250313e-16, -1.3324500000000894], "('0', 'NA', '1001')": [-0.7, -0.9975700000000001, 0, 0], "('0', 'NA', '1010')": [-0.7, 0, 0, 0], "('0', 'NA', '1011')": [0, 0, 0, 0], "('0', 'NA', '1100')": [0, 0, 0, 0], "('0', 'NA', '1101')": [-0.7, 0, 0, 0], "('0', 'NA', '1110')": [0, 0, 0, 0], "('0', 'NA', '1111')": [0, 0, 0, 0], "('1', '2', '0000')": [-2.220446049250313e-16, 1.9999999999999996, 1.9999999999999996, -2.220446049250313e-16], "('1', '2', '0001')": [-2.220446049250313e-16, 1.9999974982803503, 1.9999999999999996, -0.973], "('1', '2', '0010')": [-1.2927302347725844e-07, 1.999999999998535, -0.9099999999999999, 0], "('1', '2', '0011')": [-0.9919, 1.9999999999999996, 0, 0], "('1', '2', '0100')": [-0.9975700000000001, -0.9099999999999999, 1.9999999999999996, -2.215050365350635e-16], "('1', '2', '0101')": [-0.9975700000000001, -0.7, 1.9999999999999996, 0], "('1', '2', '0110')": [-0.9975700000000001, -0.9975700000000001, -0.9919, -1.344735], "('1', '2', '0111')": [-0.39241338014990024, -0.7, -0.7, -0.7], "('1', '2', '1000')": [-0.999271, 1.9999999999999996, 1.9999838867199062, -6.277538576842264e-09], "('1', '2', '1001')": [-0.7, 1.9999999999999996, 0, 0], "('1', '2', '1010')": [-0.7, 1.9999999999999996, 0, 0], "('1', '2', '1011')": [-0.7, 1.9999999999999996, 0, 0], "('1', '2', '1100')": [-0.7, -0.7, 1.8233364676812451, 0], "('1', '2', '1101')": [-0.7, -0.7, 1.999999999999993, 0], "('1', '2', '1110')": [-0.7, -0.7, 0, 0], "('1', '2', '1111')": [0, 0, 0, 0], "('1', '3', '0000')": [-1.075162181507494e-13, 1.9999999999999996, -6.661338147800953e-16, 1.9999999999999996], "('1', '3', '0001')": [-0.23006146107834818, 1.9999979851501166, -0.9919, 0], "('1', '3', '0010')": [-2.2205721200491623e-16, 1.9999999999999956, -0.9099999999999999, 0], "('1', '3', '0011')": [-0.9099999999999999, 1.9999999999941325, 0, 0], "('1', '3', '0100')": [-0.999999468559, -0.7, -0.9099999999999999, 1.9999999999976383], "('1', '3', '0101')": [-0.7692307692476049, -0.9099999999999999, -1.3160699999999999, -0.7], "('1', '3', '0110')": [-0.9975700000000001, -0.7, -0.7, 0.9668166664263642], "('1', '3', '0111')": [-0.27073260126013887, -0.7, -0.7, -0.7], "('1', '3', '1000')": [-0.99999822853, 1.9999999999999996, -4.3520698828082284e-07, 1.9352789894886313], "('1', '3', '1001')": [-0.7, 1.9999999999999996, 0, 0], "('1', '3', '1010')": [-0.7, 1.9999999999999973, 0, 0], "('1', '3', '1011')": [-0.7, 1.9999999999999996, 0, 0], "('1', '3', '1100')": [-0.7, -0.7, -6.889090679917043e-06, 1.5429196932268578], "('1', '3', '1101')": [-0.7, -0.7, -0.9975700000000001, -0.7], "('1', '3', '1110')": [-0.7, -0.7, -0.7, 1.9999999999986182], "('1', '3', '1111')": [-0.7, 0, 0, 0], "('1', 'NA', '0000')": [-2.220446049250313e-16, 1.9999999999999996, -2.220446049250313e-16, 0], "('1', 'NA', '0001')": [-0.9919, 1.9999999999999996, 0, 0], "('1', 'NA', '0010')": [-0.9919, 1.999999999998526, -0.7, 0], "('1', 'NA', '0011')": [-0.9919, 1.9999999997524656, 0, 0], "('1', 'NA', '0100')": [-0.9975700000000001, -0.7, -0.000406463900516886, -8.547385021984155e-12], "('1', 'NA', '0101')": [-0.9099999999999999, -0.7, 0, 0], "('1', 'NA', '0110')": [-0.9975700000000001, -0.9099999999999999, -0.9099999999999999, -0.9919], "('1', 'NA', '0111')": [0, 0, 0, 0], "('1', 'NA', '1000')": [-0.9919, 1.9999999999999996, 0, -2.220446039692021e-16], "('1', 'NA', '1001')": [-0.7, 1.9999999999999996, 0, 0], "('1', 'NA', '1010')": [-0.7, 1.9999999999999096, 0, 0], "('1', 'NA', '1011')": [-0.7, 0, 0, 0], "('1', 'NA', '1100')": [-0.7, 0, 0, 0], "('1', 'NA', '1101')": [-0.7, -0.7, -0.9919, 0], "('1', 'NA', '1110')": [0, 0, 0, 0], "('1', 'NA', '1111')": [0, 0, 0, 0], "('NA', '2', '0000')": [-2.220446049250313e-16, -2.220446049250313e-16, 1.9999999999999996, -2.220446049250313e-16], "('NA', '2', '0001')": [-2.220446049250313e-16, -2.220446049250313e-16, 1.9999999999999996, -0.9919], "('NA', '2', '0010')": [-0.4601750000027831, -0.052136009836783, -0.7, -1.0000000000000062], "('NA', '2', '0011')": [-1.1041839972489864e-15, -5.6656425597415624e-09, -0.7, -0.7], "('NA', '2', '0100')": [-2.2204461469297387e-16, -0.9099999999999999, 1.9999999999999996, -1.0000000000000084], "('NA', '2', '0101')": [-3.1876723483037495e-12, -0.7, 1.999999999773146, 0], "('NA', '2', '0110')": [-0.9919, 0, 0, 0], "('NA', '2', '0111')": [-1.3324500000000001, -0.7, 0, 0], "('NA', '2', '1000')": [-0.7, -2.220446049250313e-16, 1.9999999999999996, -0.0024299856510932257], "('NA', '2', '1001')": [-0.7, -2.220446049250313e-16, 1.9999999999999996, 0], "('NA', '2', '1010')": [-0.7, -0.9919, -0.7, 0], "('NA', '2', '1011')": [-0.7, -2.4615242132325845e-10, 0, 0], "('NA', '2', '1100')": [-0.7, -0.7, 1.9999999999999996, 0], "('NA', '2', '1101')": [-0.7, -0.7, 1.9999999999999996, 0], "('NA', '2', '1110')": [0, 0, 0, 0], "('NA', '2', '1111')": [0, 0, 0, 0], "('NA', '3', '0000')": [-2.220446049250313e-16, -2.220446049250313e-16, -2.220446049250313e-16, 1.999999999999905], "('NA', '3', '0001')": [-1.1184550992781545e-12, -0.003449686584892034, -1.0, -0.7], "('NA', '3', '0010')": [-2.9851262423975137e-14, -2.2204460581129755e-16, -0.9919, 1.9999999999999996], "('NA', '3', '0011')": [-1.236900000001058, -1.0, -0.973, -0.9099999999999999],